Business Name;Rating;Review Count;Phone;Website;Emails
Legend1st Digital Marketing Agency in Dubai - Social Media Marketing & SEO Services;="5.0";0;+971 55 701 5031;legend1st.com;N/A
Prism Digital;="4.6";165;+971 4 332 0808;prism-me.com;N/A
Volga Tigris Marketing Agency;="4.8";322;+971 4 358 7311;volgatigris.com;N/A
United SEO;="4.8";0;+971 4 442 6518;unitedseo.ae;N/A
Socio.ae | Digital Marketing Agency;="4.9";19;+971 54 525 5889;socio.ae;N/A
Leads Dubai;="4.0";0;+971 50 304 7470;leadsdubai.com;leads@leadsdubai.com
Above Digital;="4.7";43;+971 4 321 2824;abovedigital.com;N/A
Digital Links Digital Marketing Agency;="4.9";0;+971 52 472 3407;digitallinkspro.com;N/A
EDS FZCO;="4.5";238;+971 4 519 3444;eds.ae;manish@eds.ae, info@eds.ae, INFO@EDS.AE
Digital Arabia®;="4.9";48;+971 58 581 9677;digitalarabia.ae;N/A